{"cameraMode":{"drawMode":0,"name":"Shaded","section":"Shading Mode"},"sceneLighting":true,"audioPlay":false,"sceneViewState":{"showFog":true,"showMaterialUpdate":false,"showSkybox":false,"showFlares":true,"showImageEffects":true,"showParticleSystems":true},"in2DMode":false,"pivot":{"x":-513.92138671875,"y":-202.91278076171876,"z":112.39901733398438},"rotation":{"x":0.14540183544158936,"y":-0.5043123960494995,"z":0.08971923589706421,"w":0.8469609618186951},"size":688.2705688476563,"orthographic":false}