{"cameraMode":{"drawMode":0,"name":"Shaded","section":"Shading Mode"},"sceneLighting":false,"audioPlay":false,"sceneViewState":{"showFog":true,"showMaterialUpdate":false,"showSkybox":false,"showFlares":true,"showImageEffects":true,"showParticleSystems":true},"in2DMode":false,"pivot":{"x":-8.036928176879883,"y":10.632269859313965,"z":31.764507293701173},"rotation":{"x":0.15921030938625337,"y":-0.2216341495513916,"z":0.03952550143003464,"w":0.9616687893867493},"size":8.539931297302246,"orthographic":false}